Scenario,groups,iF1,iF2,iF3,iF4,iF5,iF6,iF7,iF8,iF9,iF10,iF11,iF12,iF13,iF14,iF15,iF16,iF17,iF18,iF19
S1_F0,jF1,0,2.08E-05,4.37E-05,-0.00020138,-0.000145804,-5.99E-05,-7.36E-05,-9.50E-05,7.96E-06,1.34E-05,1.10E-05,2.04E-05,3.26E-07,2.54E-05,-0.000161515,-7.23E-05,-6.19E-05,-6.22E-05,4.08E-06
S1_F0,jF2,-2.08E-05,0,0.007163872,-1.71E-05,2.91E-06,-1.50E-05,-2.14E-06,-6.58E-06,-1.62E-05,-1.26E-05,-0.000439513,-1.54E-05,-0.000279049,-1.16E-06,-0.000194498,-0.000220917,-0.000458179,-0.000559071,-0.000166485
S1_F0,jF3,-4.37E-05,-0.007163872,0,-0.00193534,-0.001486212,-0.001018235,-0.000832444,-0.000253099,-0.000393361,-0.000271511,-0.000538955,-0.000130393,-0.000189338,-6.25E-05,-8.86E-05,-0.000230119,-0.000302112,-0.000321583,-0.000174386
S1_F0,jF4,0.00020138,1.71E-05,0.00193534,0,8.33E-05,-0.000647918,-0.000528737,-0.000350339,-0.00027412,-0.000282325,-0.000420084,-9.03E-05,-0.000180808,-2.08E-05,-6.58E-05,-0.000232903,-0.000293883,-0.000313355,-0.000149123
S1_F0,jF5,0.000145804,-2.91E-06,0.001486212,-8.33E-05,0,-0.000527014,-0.000503417,-0.000613925,-0.000332845,-0.0002853,-0.000264304,-5.42E-05,-0.000235408,-0.000117545,-0.000116977,-0.000262716,-0.000327696,-0.000306615,-0.000194652
S1_F0,jF6,5.99E-05,1.50E-05,0.001018235,0.000647918,0.000527014,0,0.00017741,-3.93E-05,-0.000191041,-0.000109342,-0.000172045,-0.000232489,-0.000114013,-7.72E-05,-6.86E-05,-0.00023218,-0.000375751,-0.000432543,-0.000146566
S1_F0,jF7,7.36E-05,2.14E-06,0.000832444,0.000528737,0.000503417,-0.00017741,0,-6.84E-06,-1.78E-05,-6.10E-06,-0.000115755,-2.39E-05,-0.000104846,-0.000300294,-0.000207814,-0.000242879,-0.000398397,-0.000512894,-0.000153924
S1_F0,jF8,9.50E-05,6.58E-06,0.000253099,0.000350339,0.000613925,3.93E-05,6.84E-06,0,6.01E-08,8.55E-06,4.13E-06,-3.14E-06,2.48E-05,-9.93E-05,-0.000105077,-0.000205936,-0.00048093,-0.000854092,-0.000119301
S1_F0,jF9,-7.96E-06,1.62E-05,0.000393361,0.00027412,0.000332845,0.000191041,1.78E-05,-6.01E-08,0,0.000470623,7.92E-05,-4.12E-06,-1.70E-05,-7.05E-05,-9.14E-05,-0.000238146,-0.000447078,-0.000450083,-0.000152492
S1_F0,jF10,-1.34E-05,1.26E-05,0.000271511,0.000282325,0.0002853,0.000109342,6.10E-06,-8.55E-06,-0.000470623,0,3.32E-05,-1.93E-05,-1.12E-05,-6.02E-05,-8.19E-05,-0.0002643,-0.000408032,-0.000521132,-0.000187307
S1_F0,jF11,-1.10E-05,0.000439513,0.000538955,0.000420084,0.000264304,0.000172045,0.000115755,-4.13E-06,-7.92E-05,-3.32E-05,0,-1.18E-05,-0.000103659,-3.82E-05,-0.000159638,-0.000283859,-0.000348016,-0.000382357,-0.000185655
S1_F0,jF12,-2.04E-05,1.54E-05,0.000130393,9.03E-05,5.42E-05,0.000232489,2.39E-05,3.14E-06,4.12E-06,1.93E-05,1.18E-05,0,4.99E-05,-0.000238022,-0.000150573,-0.000293387,-0.000339698,-0.000318863,-0.000199728
S1_F0,jF13,-3.26E-07,0.000279049,0.000189338,0.000180808,0.000235408,0.000114013,0.000104846,-2.48E-05,1.70E-05,1.12E-05,0.000103659,-4.99E-05,0,-1.79E-05,-9.81E-05,-0.000329474,-0.000313351,-0.00027887,-0.000317103
S1_F0,jF14,-2.54E-05,1.16E-06,6.25E-05,2.08E-05,0.000117545,7.72E-05,0.000300294,9.93E-05,7.05E-05,6.02E-05,3.82E-05,0.000238022,1.79E-05,0,-8.93E-05,-0.000368293,-0.000269463,-0.000239992,-0.000249853
S1_F0,jF15,0.000161515,0.000194498,8.86E-05,6.58E-05,0.000116977,6.86E-05,0.000207814,0.000105077,9.14E-05,8.19E-05,0.000159638,0.000150573,9.81E-05,8.93E-05,0,-0.000379124,-0.000246292,-0.000237305,-9.55E-05
S1_F0,jF16,7.23E-05,0.000220917,0.000230119,0.000232903,0.000262716,0.00023218,0.000242879,0.000205936,0.000238146,0.0002643,0.000283859,0.000293387,0.000329474,0.000368293,0.000379124,0,0,0,0.00034904
S1_F0,jF17,6.19E-05,0.000458179,0.000302112,0.000293883,0.000327696,0.000375751,0.000398397,0.00048093,0.000447078,0.000408032,0.000348016,0.000339698,0.000313351,0.000269463,0.000246292,0,0,0,0.000380792
S1_F0,jF18,6.22E-05,0.000559071,0.000321583,0.000313355,0.000306615,0.000432543,0.000512894,0.000854092,0.000450083,0.000521132,0.000382357,0.000318863,0.00027887,0.000239992,0.000237305,0,0,0,0.000338163
S1_F0,jF19,-4.08E-06,0.000166485,0.000174386,0.000149123,0.000194652,0.000146566,0.000153924,0.000119301,0.000152492,0.000187307,0.000185655,0.000199728,0.000317103,0.000249853,9.55E-05,-0.00034904,-0.000380792,-0.000338163,0
S1_F0.2,jF1,0,2.08E-05,4.40E-05,-0.000201838,-0.000144864,-6.00E-05,-7.42E-05,-9.45E-05,8.14E-06,1.35E-05,1.11E-05,2.05E-05,6.39E-07,2.55E-05,-0.000161974,-7.24E-05,-6.19E-05,-6.22E-05,4.15E-06
S1_F0.2,jF2,-2.08E-05,0,0.007305791,-1.71E-05,2.96E-06,-1.50E-05,-2.14E-06,-6.52E-06,-1.62E-05,-1.26E-05,-0.000440737,-1.54E-05,-0.000279582,-1.09E-06,-0.000195136,-0.000221059,-0.000459353,-0.00056065,-0.00016651
S1_F0.2,jF3,-4.40E-05,-0.007305791,0,-0.001956561,-0.001489973,-0.001028981,-0.00084489,-0.000252716,-0.000395502,-0.00027458,-0.000542608,-0.000131773,-0.000189699,-6.31E-05,-8.92E-05,-0.000231028,-0.000303714,-0.000323616,-0.000175364
S1_F0.2,jF4,0.000201838,1.71E-05,0.001956561,0,8.78E-05,-0.000652943,-0.000534758,-0.000350303,-0.00027477,-0.000284846,-0.000421329,-9.08E-05,-0.000180539,-2.10E-05,-6.59E-05,-0.000233279,-0.00029469,-0.000314416,-0.000149359
S1_F0.2,jF5,0.000144864,-2.96E-06,0.001489973,-8.78E-05,0,-0.000531416,-0.000509244,-0.000614667,-0.000333818,-0.000287922,-0.00026515,-5.45E-05,-0.000235397,-0.000118235,-0.000117473,-0.000263266,-0.000328655,-0.000307546,-0.000195036
S1_F0.2,jF6,6.00E-05,1.50E-05,0.001028981,0.000652943,0.000531416,0,0.000177814,-3.91E-05,-0.000191032,-0.000110096,-0.000172109,-0.000233086,-0.000113489,-7.72E-05,-6.87E-05,-0.000232458,-0.000376468,-0.000433421,-0.000146716
S1_F0.2,jF7,7.42E-05,2.14E-06,0.00084489,0.000534758,0.000509244,-0.000177814,0,-6.76E-06,-1.78E-05,-6.10E-06,-0.000115706,-2.39E-05,-0.000104431,-0.000300166,-0.000208338,-0.000243113,-0.000398898,-0.000513514,-0.000154014
S1_F0.2,jF8,9.45E-05,6.52E-06,0.000252716,0.000350303,0.000614667,3.91E-05,6.76E-06,0,2.02E-08,8.53E-06,4.09E-06,-3.24E-06,2.49E-05,-9.92E-05,-0.000105327,-0.000206427,-0.000481355,-0.000854255,-0.000119848
S1_F0.2,jF9,-8.14E-06,1.62E-05,0.000395502,0.00027477,0.000333818,0.000191032,1.78E-05,-2.02E-08,0,0.000469369,7.92E-05,-4.16E-06,-1.67E-05,-7.04E-05,-9.15E-05,-0.000238518,-0.000447494,-0.000450395,-0.000152899
S1_F0.2,jF10,-1.35E-05,1.26E-05,0.00027458,0.000284846,0.000287922,0.000110096,6.10E-06,-8.53E-06,-0.000469369,0,3.41E-05,-1.93E-05,-1.09E-05,-6.01E-05,-8.20E-05,-0.000264678,-0.000408321,-0.000521326,-0.000187762
S1_F0.2,jF11,-1.11E-05,0.000440737,0.000542608,0.000421329,0.00026515,0.000172109,0.000115706,-4.09E-06,-7.92E-05,-3.41E-05,0,-1.19E-05,-0.000103128,-3.82E-05,-0.000160028,-0.00028428,-0.000348567,-0.000382945,-0.00018602
S1_F0.2,jF12,-2.05E-05,1.54E-05,0.000131773,9.08E-05,5.45E-05,0.000233086,2.39E-05,3.24E-06,4.16E-06,1.93E-05,1.19E-05,0,5.01E-05,-0.000237197,-0.000150609,-0.000293715,-0.00033996,-0.000319029,-0.000200096
S1_F0.2,jF13,-6.39E-07,0.000279582,0.000189699,0.000180539,0.000235397,0.000113489,0.000104431,-2.49E-05,1.67E-05,1.09E-05,0.000103128,-5.01E-05,0,-1.79E-05,-9.82E-05,-0.000330024,-0.000313957,-0.000279375,-0.000317858
S1_F0.2,jF14,-2.55E-05,1.09E-06,6.31E-05,2.10E-05,0.000118235,7.72E-05,0.000300166,9.92E-05,7.04E-05,6.01E-05,3.82E-05,0.000237197,1.79E-05,0,-8.94E-05,-0.000368522,-0.000269881,-0.000240335,-0.000250347
S1_F0.2,jF15,0.000161974,0.000195136,8.92E-05,6.59E-05,0.000117473,6.87E-05,0.000208338,0.000105327,9.15E-05,8.20E-05,0.000160028,0.000150609,9.82E-05,8.94E-05,0,-0.000379259,-0.000246556,-0.000237488,-9.59E-05
S1_F0.2,jF16,7.24E-05,0.000221059,0.000231028,0.000233279,0.000263266,0.000232458,0.000243113,0.000206427,0.000238518,0.000264678,0.00028428,0.000293715,0.000330024,0.000368522,0.000379259,0,0,0,0.000349412
S1_F0.2,jF17,6.19E-05,0.000459353,0.000303714,0.00029469,0.000328655,0.000376468,0.000398898,0.000481355,0.000447494,0.000408321,0.000348567,0.00033996,0.000313957,0.000269881,0.000246556,0,0,0,0.000381164
S1_F0.2,jF18,6.22E-05,0.00056065,0.000323616,0.000314416,0.000307546,0.000433421,0.000513514,0.000854255,0.000450395,0.000521326,0.000382945,0.000319029,0.000279375,0.000240335,0.000237488,0,0,0,0.00033845
S1_F0.2,jF19,-4.15E-06,0.00016651,0.000175364,0.000149359,0.000195036,0.000146716,0.000154014,0.000119848,0.000152899,0.000187762,0.00018602,0.000200096,0.000317858,0.000250347,9.59E-05,-0.000349412,-0.000381164,-0.00033845,0
S1_F0.4,jF1,0,2.08E-05,4.44E-05,-0.000202288,-0.000143896,-6.00E-05,-7.47E-05,-9.39E-05,8.32E-06,1.36E-05,1.12E-05,2.06E-05,9.56E-07,2.55E-05,-0.000162423,-7.25E-05,-6.19E-05,-6.22E-05,4.22E-06
S1_F0.4,jF2,-2.08E-05,0,0.007452754,-1.70E-05,3.03E-06,-1.50E-05,-2.13E-06,-6.43E-06,-1.61E-05,-1.26E-05,-0.000442145,-1.53E-05,-0.00027986,-9.98E-07,-0.000196061,-0.000221163,-0.000460591,-0.000562366,-0.00016642
S1_F0.4,jF3,-4.44E-05,-0.007452754,0,-0.001977822,-0.001493569,-0.001039734,-0.0008575,-0.000252302,-0.000397625,-0.000277652,-0.000546237,-0.000133151,-0.000190037,-6.38E-05,-8.98E-05,-0.000231932,-0.000305317,-0.000325659,-0.000176335
S1_F0.4,jF4,0.000202288,1.70E-05,0.001977822,0,9.23E-05,-0.000657981,-0.000540914,-0.000350248,-0.000275409,-0.00028739,-0.000422552,-9.13E-05,-0.000180248,-2.12E-05,-6.61E-05,-0.000233653,-0.000295501,-0.000315488,-0.000149589
S1_F0.4,jF5,0.000143896,-3.03E-06,0.001493569,-9.23E-05,0,-0.000535837,-0.00051518,-0.000615399,-0.000334785,-0.000290562,-0.000265989,-5.48E-05,-0.000235371,-0.000118929,-0.000117972,-0.000263814,-0.000329618,-0.000308485,-0.000195417
S1_F0.4,jF6,6.00E-05,1.50E-05,0.001039734,0.000657981,0.000535837,0,0.00017822,-3.89E-05,-0.000191018,-0.000110863,-0.000172169,-0.000233681,-0.000112954,-7.73E-05,-6.88E-05,-0.000232739,-0.000377188,-0.0004343,-0.000146867
S1_F0.4,jF7,7.47E-05,2.13E-06,0.0008575,0.000540914,0.00051518,-0.00017822,0,-6.69E-06,-1.77E-05,-6.11E-06,-0.000115652,-2.39E-05,-0.000104006,-0.000300026,-0.000208866,-0.00024335,-0.000399402,-0.000514136,-0.000154104
S1_F0.4,jF8,9.39E-05,6.43E-06,0.000252302,0.000350248,0.000615399,3.89E-05,6.69E-06,0,-2.06E-08,8.51E-06,4.05E-06,-3.33E-06,2.49E-05,-9.92E-05,-0.000105579,-0.000206927,-0.00048178,-0.000854403,-0.000120405
S1_F0.4,jF9,-8.32E-06,1.61E-05,0.000397625,0.000275409,0.000334785,0.000191018,1.77E-05,2.06E-08,0,0.000468094,7.92E-05,-4.21E-06,-1.64E-05,-7.04E-05,-9.17E-05,-0.000238897,-0.00044791,-0.000450703,-0.000153313
S1_F0.4,jF10,-1.36E-05,1.26E-05,0.000277652,0.00028739,0.000290562,0.000110863,6.11E-06,-8.51E-06,-0.000468094,0,3.50E-05,-1.94E-05,-1.07E-05,-5.99E-05,-8.21E-05,-0.000265062,-0.000408611,-0.000521513,-0.000188226
S1_F0.4,jF11,-1.12E-05,0.000442145,0.000546237,0.000422552,0.000265989,0.000172169,0.000115652,-4.05E-06,-7.92E-05,-3.50E-05,0,-1.19E-05,-0.000102588,-3.82E-05,-0.000160419,-0.000284706,-0.000349119,-0.000383532,-0.000186389
S1_F0.4,jF12,-2.06E-05,1.53E-05,0.000133151,9.13E-05,5.48E-05,0.000233681,2.39E-05,3.33E-06,4.21E-06,1.94E-05,1.19E-05,0,5.02E-05,-0.000236358,-0.000150645,-0.000294048,-0.000340225,-0.000319196,-0.000200471
S1_F0.4,jF13,-9.56E-07,0.00027986,0.000190037,0.000180248,0.000235371,0.000112954,0.000104006,-2.49E-05,1.64E-05,1.07E-05,0.000102588,-5.02E-05,0,-1.80E-05,-9.84E-05,-0.00033058,-0.000314568,-0.000279882,-0.000318621
S1_F0.4,jF14,-2.55E-05,9.98E-07,6.38E-05,2.12E-05,0.000118929,7.73E-05,0.000300026,9.92E-05,7.04E-05,5.99E-05,3.82E-05,0.000236358,1.80E-05,0,-8.95E-05,-0.000368755,-0.000270304,-0.000240681,-0.00025085
S1_F0.4,jF15,0.000162423,0.000196061,8.98E-05,6.61E-05,0.000117972,6.88E-05,0.000208866,0.000105579,9.17E-05,8.21E-05,0.000160419,0.000150645,9.84E-05,8.95E-05,0,-0.000379396,-0.000246824,-0.000237673,-9.62E-05
S1_F0.4,jF16,7.25E-05,0.000221163,0.000231932,0.000233653,0.000263814,0.000232739,0.00024335,0.000206927,0.000238897,0.000265062,0.000284706,0.000294048,0.00033058,0.000368755,0.000379396,0,0,0,0.000349789
S1_F0.4,jF17,6.19E-05,0.000460591,0.000305317,0.000295501,0.000329618,0.000377188,0.000399402,0.00048178,0.00044791,0.000408611,0.000349119,0.000340225,0.000314568,0.000270304,0.000246824,0,0,0,0.000381539
S1_F0.4,jF18,6.22E-05,0.000562366,0.000325659,0.000315488,0.000308485,0.0004343,0.000514136,0.000854403,0.000450703,0.000521513,0.000383532,0.000319196,0.000279882,0.000240681,0.000237673,0,0,0,0.000338739
S1_F0.4,jF19,-4.22E-06,0.00016642,0.000176335,0.000149589,0.000195417,0.000146867,0.000154104,0.000120405,0.000153313,0.000188226,0.000186389,0.000200471,0.000318621,0.00025085,9.62E-05,-0.000349789,-0.000381539,-0.000338739,0
S1_F0.6,jF1,0,2.09E-05,4.48E-05,-0.000202729,-0.0001429,-6.01E-05,-7.53E-05,-9.34E-05,8.50E-06,1.37E-05,1.14E-05,2.06E-05,1.28E-06,2.56E-05,-0.000162862,-7.26E-05,-6.20E-05,-6.23E-05,4.30E-06
S1_F0.6,jF2,-2.09E-05,0,0.007605058,-1.71E-05,3.07E-06,-1.51E-05,-2.14E-06,-6.37E-06,-1.60E-05,-1.26E-05,-0.000443166,-1.53E-05,-0.00028055,-9.28E-07,-0.000196737,-0.000221365,-0.000461709,-0.000563827,-0.000166507
S1_F0.6,jF3,-4.48E-05,-0.007605058,0,-0.001999105,-0.001496997,-0.001050485,-0.000870267,-0.000251855,-0.000399729,-0.000280725,-0.00054984,-0.000134525,-0.000190354,-6.44E-05,-9.04E-05,-0.000232831,-0.000306922,-0.000327712,-0.000177297
S1_F0.6,jF4,0.000202729,1.71E-05,0.001999105,0,9.70E-05,-0.00066303,-0.00054721,-0.000350172,-0.000276037,-0.000289959,-0.000423752,-9.18E-05,-0.000179935,-2.13E-05,-6.62E-05,-0.000234025,-0.000296317,-0.000316569,-0.000149811
S1_F0.6,jF5,0.0001429,-3.07E-06,0.001496997,-9.70E-05,0,-0.000540274,-0.000521226,-0.00061612,-0.000335747,-0.00029322,-0.00026682,-5.50E-05,-0.000235331,-0.000119627,-0.000118474,-0.000264363,-0.000330585,-0.000309433,-0.000195796
S1_F0.6,jF6,6.01E-05,1.51E-05,0.001050485,0.00066303,0.000540274,0,0.000178625,-3.87E-05,-0.000191001,-0.000111642,-0.000172223,-0.000234271,-0.000112407,-7.73E-05,-6.88E-05,-0.000233023,-0.000377911,-0.00043518,-0.000147018
S1_F0.6,jF7,7.53E-05,2.14E-06,0.000870267,0.00054721,0.000521226,-0.000178625,0,-6.62E-06,-1.77E-05,-6.11E-06,-0.000115596,-2.39E-05,-0.00010357,-0.000299875,-0.000209401,-0.000243588,-0.000399909,-0.000514757,-0.000154193
S1_F0.6,jF8,9.34E-05,6.37E-06,0.000251855,0.000350172,0.00061612,3.87E-05,6.62E-06,0,-6.23E-08,8.48E-06,4.01E-06,-3.43E-06,2.49E-05,-9.91E-05,-0.000105834,-0.000207433,-0.000482206,-0.000854535,-0.000120972
S1_F0.6,jF9,-8.50E-06,1.60E-05,0.000399729,0.000276037,0.000335747,0.000191001,1.77E-05,6.23E-08,0,0.000466798,7.93E-05,-4.26E-06,-1.61E-05,-7.03E-05,-9.18E-05,-0.000239281,-0.000448325,-0.000451006,-0.000153735
S1_F0.6,jF10,-1.37E-05,1.26E-05,0.000280725,0.000289959,0.00029322,0.000111642,6.11E-06,-8.48E-06,-0.000466798,0,3.60E-05,-1.94E-05,-1.04E-05,-5.98E-05,-8.22E-05,-0.000265452,-0.000408901,-0.000521694,-0.000188698
S1_F0.6,jF11,-1.14E-05,0.000443166,0.00054984,0.000423752,0.00026682,0.000172223,0.000115596,-4.01E-06,-7.93E-05,-3.60E-05,0,-1.19E-05,-0.000102041,-3.83E-05,-0.000160811,-0.000285135,-0.000349673,-0.000384117,-0.000186763
S1_F0.6,jF12,-2.06E-05,1.53E-05,0.000134525,9.18E-05,5.50E-05,0.000234271,2.39E-05,3.43E-06,4.26E-06,1.94E-05,1.19E-05,0,5.04E-05,-0.000235508,-0.000150679,-0.000294387,-0.000340492,-0.000319363,-0.000200854
S1_F0.6,jF13,-1.28E-06,0.00028055,0.000190354,0.000179935,0.000235331,0.000112407,0.00010357,-2.49E-05,1.61E-05,1.04E-05,0.000102041,-5.04E-05,0,-1.80E-05,-9.85E-05,-0.000331141,-0.000315184,-0.000280393,-0.000319391
S1_F0.6,jF14,-2.56E-05,9.28E-07,6.44E-05,2.13E-05,0.000119627,7.73E-05,0.000299875,9.91E-05,7.03E-05,5.98E-05,3.83E-05,0.000235508,1.80E-05,0,-8.96E-05,-0.000368992,-0.000270734,-0.000241031,-0.000251361
S1_F0.6,jF15,0.000162862,0.000196737,9.04E-05,6.62E-05,0.000118474,6.88E-05,0.000209401,0.000105834,9.18E-05,8.22E-05,0.000160811,0.000150679,9.85E-05,8.96E-05,0,-0.000379537,-0.000247096,-0.000237859,-9.66E-05
S1_F0.6,jF16,7.26E-05,0.000221365,0.000232831,0.000234025,0.000264363,0.000233023,0.000243588,0.000207433,0.000239281,0.000265452,0.000285135,0.000294387,0.000331141,0.000368992,0.000379537,0,0,0,0.000350173
S1_F0.6,jF17,6.20E-05,0.000461709,0.000306922,0.000296317,0.000330585,0.000377911,0.000399909,0.000482206,0.000448325,0.000408901,0.000349673,0.000340492,0.000315184,0.000270734,0.000247096,0,0,0,0.000381918
S1_F0.6,jF18,6.23E-05,0.000563827,0.000327712,0.000316569,0.000309433,0.00043518,0.000514757,0.000854535,0.000451006,0.000521694,0.000384117,0.000319363,0.000280393,0.000241031,0.000237859,0,0,0,0.00033903
S1_F0.6,jF19,-4.30E-06,0.000166507,0.000177297,0.000149811,0.000195796,0.000147018,0.000154193,0.000120972,0.000153735,0.000188698,0.000186763,0.000200854,0.000319391,0.000251361,9.66E-05,-0.000350173,-0.000381918,-0.00033903,0
S1_F0.8,jF1,0,2.08E-05,4.52E-05,-0.000203159,-0.000141876,-6.01E-05,-7.59E-05,-9.28E-05,8.69E-06,1.38E-05,1.15E-05,2.07E-05,1.61E-06,2.57E-05,-0.000163291,-7.27E-05,-6.20E-05,-6.23E-05,4.37E-06
S1_F0.8,jF2,-2.08E-05,0,0.007763117,-1.69E-05,3.22E-06,-1.49E-05,-2.04E-06,-6.19E-06,-1.59E-05,-1.26E-05,-0.000445963,-1.51E-05,-0.000279655,-7.34E-07,-0.000198056,-0.0002211,-0.000463468,-0.000566531,-0.00016583
S1_F0.8,jF3,-4.52E-05,-0.007763117,0,-0.002020405,-0.001500265,-0.00106123,-0.000883188,-0.000251376,-0.000401814,-0.000283797,-0.000553418,-0.000135894,-0.000190647,-6.51E-05,-9.09E-05,-0.000233725,-0.000308528,-0.000329774,-0.000178251
S1_F0.8,jF4,0.000203159,1.69E-05,0.002020405,0,0.000101707,-0.000668088,-0.000553651,-0.000350073,-0.000276653,-0.000292551,-0.000424929,-9.23E-05,-0.000179598,-2.15E-05,-6.63E-05,-0.000234394,-0.000297138,-0.000317661,-0.000150026
S1_F0.8,jF5,0.000141876,-3.22E-06,0.001500265,-0.000101707,0,-0.000544726,-0.000527384,-0.000616829,-0.000336703,-0.000295894,-0.000267644,-5.53E-05,-0.000235277,-0.000120329,-0.000118979,-0.000264911,-0.000331556,-0.000310391,-0.00019617
S1_F0.8,jF6,6.01E-05,1.49E-05,0.00106123,0.000668088,0.000544726,0,0.000179031,-3.85E-05,-0.000190981,-0.000112434,-0.000172272,-0.000234858,-0.000111847,-7.74E-05,-6.89E-05,-0.000233309,-0.000378638,-0.000436062,-0.000147171
S1_F0.8,jF7,7.59E-05,2.04E-06,0.000883188,0.000553651,0.000527384,-0.000179031,0,-6.54E-06,-1.76E-05,-6.11E-06,-0.000115535,-2.39E-05,-0.000103122,-0.000299712,-0.00020994,-0.000243828,-0.000400419,-0.000515379,-0.000154282
S1_F0.8,jF8,9.28E-05,6.19E-06,0.000251376,0.000350073,0.000616829,3.85E-05,6.54E-06,0,-1.05E-07,8.46E-06,3.96E-06,-3.53E-06,2.49E-05,-9.91E-05,-0.000106091,-0.000207949,-0.000482633,-0.000854652,-0.00012155
S1_F0.8,jF9,-8.69E-06,1.59E-05,0.000401814,0.000276653,0.000336703,0.000190981,1.76E-05,1.05E-07,0,0.000465481,7.93E-05,-4.30E-06,-1.58E-05,-7.02E-05,-9.20E-05,-0.000239672,-0.000448739,-0.000451304,-0.000154164
S1_F0.8,jF10,-1.38E-05,1.26E-05,0.000283797,0.000292551,0.000295894,0.000112434,6.11E-06,-8.46E-06,-0.000465481,0,3.69E-05,-1.95E-05,-1.02E-05,-5.96E-05,-8.22E-05,-0.00026585,-0.000409193,-0.000521869,-0.00018918
S1_F0.8,jF11,-1.15E-05,0.000445963,0.000553418,0.000424929,0.000267644,0.000172272,0.000115535,-3.96E-06,-7.93E-05,-3.69E-05,0,-1.20E-05,-0.000101485,-3.83E-05,-0.000161204,-0.000285568,-0.000350229,-0.000384701,-0.000187143
S1_F0.8,jF12,-2.07E-05,1.51E-05,0.000135894,9.23E-05,5.53E-05,0.000234858,2.39E-05,3.53E-06,4.30E-06,1.95E-05,1.20E-05,0,5.05E-05,-0.000234644,-0.000150711,-0.000294733,-0.000340763,-0.000319531,-0.000201246
S1_F0.8,jF13,-1.61E-06,0.000279655,0.000190647,0.000179598,0.000235277,0.000111847,0.000103122,-2.49E-05,1.58E-05,1.02E-05,0.000101485,-5.05E-05,0,-1.81E-05,-9.87E-05,-0.000331707,-0.000315805,-0.000280906,-0.000320169
S1_F0.8,jF14,-2.57E-05,7.34E-07,6.51E-05,2.15E-05,0.000120329,7.74E-05,0.000299712,9.91E-05,7.02E-05,5.96E-05,3.83E-05,0.000234644,1.81E-05,0,-8.96E-05,-0.000369232,-0.000271169,-0.000241385,-0.000251881
S1_F0.8,jF15,0.000163291,0.000198056,9.09E-05,6.63E-05,0.000118979,6.89E-05,0.00020994,0.000106091,9.20E-05,8.22E-05,0.000161204,0.000150711,9.87E-05,8.96E-05,0,-0.00037968,-0.000247372,-0.000238048,-9.69E-05
S1_F0.8,jF16,7.27E-05,0.0002211,0.000233725,0.000234394,0.000264911,0.000233309,0.000243828,0.000207949,0.000239672,0.00026585,0.000285568,0.000294733,0.000331707,0.000369232,0.00037968,0,0,0,0.000350562
S1_F0.8,jF17,6.20E-05,0.000463468,0.000308528,0.000297138,0.000331556,0.000378638,0.000400419,0.000482633,0.000448739,0.000409193,0.000350229,0.000340763,0.000315805,0.000271169,0.000247372,0,0,0,0.000382301
S1_F0.8,jF18,6.23E-05,0.000566531,0.000329774,0.000317661,0.000310391,0.000436062,0.000515379,0.000854652,0.000451304,0.000521869,0.000384701,0.000319531,0.000280906,0.000241385,0.000238048,0,0,0,0.000339322
S1_F0.8,jF19,-4.37E-06,0.00016583,0.000178251,0.000150026,0.00019617,0.000147171,0.000154282,0.00012155,0.000154164,0.00018918,0.000187143,0.000201246,0.000320169,0.000251881,9.69E-05,-0.000350562,-0.000382301,-0.000339322,0
S1_F1.0,jF1,0,2.08E-05,4.56E-05,-0.000203579,-0.000140824,-6.01E-05,-7.65E-05,-9.22E-05,8.88E-06,1.39E-05,1.17E-05,2.07E-05,1.94E-06,2.58E-05,-0.000163708,-7.28E-05,-6.20E-05,-6.23E-05,4.45E-06
S1_F1.0,jF2,-2.08E-05,0,0.007927084,-1.70E-05,3.22E-06,-1.50E-05,-2.09E-06,-6.17E-06,-1.58E-05,-1.26E-05,-0.000446176,-1.51E-05,-0.000281111,-7.08E-07,-0.000198407,-0.000221518,-0.000464326,-0.00056746,-0.00016625
S1_F1.0,jF3,-4.56E-05,-0.007927084,0,-0.002041691,-0.001503366,-0.001071955,-0.00089625,-0.000250862,-0.000403877,-0.000286863,-0.000556966,-0.000137258,-0.000190919,-6.57E-05,-9.15E-05,-0.000234615,-0.000310136,-0.000331846,-0.000179198
S1_F1.0,jF4,0.000203579,1.70E-05,0.002041691,0,0.000106504,-0.000673152,-0.000560242,-0.000349949,-0.000277256,-0.000295167,-0.000426079,-9.28E-05,-0.000179238,-2.17E-05,-6.65E-05,-0.000234762,-0.000297963,-0.000318764,-0.000150235
S1_F1.0,jF5,0.000140824,-3.22E-06,0.001503366,-0.000106504,0,-0.00054919,-0.000533653,-0.000617525,-0.000337653,-0.000298585,-0.000268459,-5.56E-05,-0.000235207,-0.000121033,-0.000119487,-0.000265458,-0.000332531,-0.000311357,-0.000196542
S1_F1.0,jF6,6.01E-05,1.50E-05,0.001071955,0.000673152,0.00054919,0,0.000179436,-3.82E-05,-0.000190956,-0.00011324,-0.000172314,-0.000235441,-0.000111276,-7.74E-05,-6.89E-05,-0.000233598,-0.000379367,-0.000436946,-0.000147324
S1_F1.0,jF7,7.65E-05,2.09E-06,0.00089625,0.000560242,0.000533653,-0.000179436,0,-6.46E-06,-1.76E-05,-6.11E-06,-0.000115471,-2.40E-05,-0.000102663,-0.000299536,-0.000210486,-0.00024407,-0.000400932,-0.000516002,-0.000154371
S1_F1.0,jF8,9.22E-05,6.17E-06,0.000250862,0.000349949,0.000617525,3.82E-05,6.46E-06,0,-1.49E-07,8.43E-06,3.92E-06,-3.63E-06,2.49E-05,-9.90E-05,-0.000106351,-0.000208472,-0.00048306,-0.000854754,-0.000122138
S1_F1.0,jF9,-8.88E-06,1.58E-05,0.000403877,0.000277256,0.000337653,0.000190956,1.76E-05,1.49E-07,0,0.000464141,7.94E-05,-4.35E-06,-1.55E-05,-7.01E-05,-9.22E-05,-0.000240069,-0.000449153,-0.000451598,-0.000154602
S1_F1.0,jF10,-1.39E-05,1.26E-05,0.000286863,0.000295167,0.000298585,0.00011324,6.11E-06,-8.43E-06,-0.000464141,0,3.79E-05,-1.96E-05,-9.97E-06,-5.95E-05,-8.23E-05,-0.000266253,-0.000409486,-0.000522037,-0.00018967
S1_F1.0,jF11,-1.17E-05,0.000446176,0.000556966,0.000426079,0.000268459,0.000172314,0.000115471,-3.92E-06,-7.94E-05,-3.79E-05,0,-1.20E-05,-0.000100921,-3.83E-05,-0.000161597,-0.000286006,-0.000350786,-0.000385282,-0.000187527
S1_F1.0,jF12,-2.07E-05,1.51E-05,0.000137258,9.28E-05,5.56E-05,0.000235441,2.40E-05,3.63E-06,4.35E-06,1.96E-05,1.20E-05,0,5.07E-05,-0.000233767,-0.000150743,-0.000295085,-0.000341037,-0.000319699,-0.000201647
S1_F1.0,jF13,-1.94E-06,0.000281111,0.000190919,0.000179238,0.000235207,0.000111276,0.000102663,-2.49E-05,1.55E-05,9.97E-06,0.000100921,-5.07E-05,0,-1.82E-05,-9.89E-05,-0.000332278,-0.000316431,-0.000281422,-0.000320956
S1_F1.0,jF14,-2.58E-05,7.08E-07,6.57E-05,2.17E-05,0.000121033,7.74E-05,0.000299536,9.90E-05,7.01E-05,5.95E-05,3.83E-05,0.000233767,1.82E-05,0,-8.97E-05,-0.000369475,-0.000271611,-0.000241744,-0.000252411
S1_F1.0,jF15,0.000163708,0.000198407,9.15E-05,6.65E-05,0.000119487,6.89E-05,0.000210486,0.000106351,9.22E-05,8.23E-05,0.000161597,0.000150743,9.89E-05,8.97E-05,0,-0.000379827,-0.000247653,-0.000238238,-9.73E-05
S1_F1.0,jF16,7.28E-05,0.000221518,0.000234615,0.000234762,0.000265458,0.000233598,0.00024407,0.000208472,0.000240069,0.000266253,0.000286006,0.000295085,0.000332278,0.000369475,0.000379827,0,0,0,0.000350957
S1_F1.0,jF17,6.20E-05,0.000464326,0.000310136,0.000297963,0.000332531,0.000379367,0.000400932,0.00048306,0.000449153,0.000409486,0.000350786,0.000341037,0.000316431,0.000271611,0.000247653,0,0,0,0.000382688
S1_F1.0,jF18,6.23E-05,0.00056746,0.000331846,0.000318764,0.000311357,0.000436946,0.000516002,0.000854754,0.000451598,0.000522037,0.000385282,0.000319699,0.000281422,0.000241744,0.000238238,0,0,0,0.000339615
S1_F1.0,jF19,-4.45E-06,0.00016625,0.000179198,0.000150235,0.000196542,0.000147324,0.000154371,0.000122138,0.000154602,0.00018967,0.000187527,0.000201647,0.000320956,0.000252411,9.73E-05,-0.000350957,-0.000382688,-0.000339615,0
S2_F0,jF1,0,2.65E-05,5.05E-05,-0.000279459,-0.00021854,-8.82E-05,-0.000127011,-0.000149745,5.86E-06,1.50E-05,1.25E-05,2.10E-05,-3.51E-06,3.16E-05,-0.000192906,-8.95E-05,-7.85E-05,-7.91E-05,4.32E-07
S2_F0,jF2,-2.65E-05,0,0.008804479,-3.30E-05,1.03E-06,-3.07E-05,-6.02E-06,-1.10E-05,-3.22E-05,-2.18E-05,-0.000547642,-3.63E-05,-0.000352332,-2.69E-06,-0.000238458,-0.000282819,-0.000545479,-0.00066424,-0.000218942
S2_F0,jF3,-5.05E-05,-0.008804479,0,-0.002689131,-0.00217974,-0.001439499,-0.001353016,-0.000388251,-0.000569041,-0.000370966,-0.000696617,-0.000171196,-0.00024439,-6.29E-05,-0.000111043,-0.000288636,-0.000370848,-0.000395014,-0.000219317
S2_F0,jF4,0.000279459,3.30E-05,0.002689131,0,8.00E-05,-0.000896532,-0.000831208,-0.000514637,-0.000386574,-0.000370081,-0.000524622,-0.000110208,-0.00021784,-1.62E-06,-7.52E-05,-0.000290819,-0.000361576,-0.000385866,-0.00017182
S2_F0,jF5,0.00021854,-1.03E-06,0.00217974,-8.00E-05,0,-0.000727049,-0.000795294,-0.000912351,-0.000473572,-0.000380537,-0.000334492,-7.59E-05,-0.000298445,-0.00012669,-0.000144673,-0.000325594,-0.000402351,-0.000382053,-0.000244065
S2_F0,jF6,8.82E-05,3.07E-05,0.001439499,0.000896532,0.000727049,0,0.000236922,-5.24E-05,-0.0002691,-0.000139752,-0.000213194,-0.000303868,-0.000136632,-7.02E-05,-7.87E-05,-0.000288368,-0.00045713,-0.000529333,-0.000167224
S2_F0,jF7,0.000127011,6.02E-06,0.001353016,0.000831208,0.000795294,-0.000236922,0,-8.24E-06,-2.69E-05,-6.70E-06,-0.000146968,-3.84E-05,-0.000133864,-0.000346842,-0.000259134,-0.000299941,-0.000483373,-0.000624156,-0.000190965
S2_F0,jF8,0.000149745,1.10E-05,0.000388251,0.000514637,0.000912351,5.24E-05,8.24E-06,0,-4.33E-06,1.11E-05,3.74E-06,-1.37E-05,2.98E-05,-0.000114993,-0.000133172,-0.000254212,-0.000581163,-0.001038326,-0.00014844
S2_F0,jF9,-5.86E-06,3.22E-05,0.000569041,0.000386574,0.000473572,0.0002691,2.69E-05,4.33E-06,0,0.000701754,0.000120533,-9.96E-06,-1.59E-05,-7.08E-05,-0.000109055,-0.00029154,-0.000536714,-0.000548534,-0.000176396
S2_F0,jF10,-1.50E-05,2.18E-05,0.000370966,0.000370081,0.000380537,0.000139752,6.70E-06,-1.11E-05,-0.000701754,0,4.26E-05,-3.77E-05,-1.84E-05,-6.69E-05,-0.000103405,-0.000325777,-0.000498526,-0.000640914,-0.000232502
S2_F0,jF11,-1.25E-05,0.000547642,0.000696617,0.000524622,0.000334492,0.000213194,0.000146968,-3.74E-06,-0.000120533,-4.26E-05,0,-2.62E-05,-0.0001331,-3.57E-05,-0.000192876,-0.00034658,-0.000426487,-0.000470222,-0.000225112
S2_F0,jF12,-2.10E-05,3.63E-05,0.000171196,0.000110208,7.59E-05,0.000303868,3.84E-05,1.37E-05,9.96E-06,3.77E-05,2.62E-05,0,7.83E-05,-0.000252552,-0.000174778,-0.000356099,-0.000418665,-0.000398187,-0.000216396
S2_F0,jF13,3.51E-06,0.000352332,0.00024439,0.00021784,0.000298445,0.000136632,0.000133864,-2.98E-05,1.59E-05,1.84E-05,0.0001331,-7.83E-05,0,-1.59E-05,-0.000119693,-0.000401042,-0.000394982,-0.00035647,-0.000378264
S2_F0,jF14,-3.16E-05,2.69E-06,6.29E-05,1.62E-06,0.00012669,7.02E-05,0.000346842,0.000114993,7.08E-05,6.69E-05,3.57E-05,0.000252552,1.59E-05,0,-0.000113881,-0.000446646,-0.000345621,-0.000312164,-0.000310507
S2_F0,jF15,0.000192906,0.000238458,0.000111043,7.52E-05,0.000144673,7.87E-05,0.000259134,0.000133172,0.000109055,0.000103405,0.000192876,0.000174778,0.000119693,0.000113881,0,-0.00045044,-0.000307155,-0.000299908,-0.000118517
S2_F0,jF16,8.95E-05,0.000282819,0.000288636,0.000290819,0.000325594,0.000288368,0.000299941,0.000254212,0.00029154,0.000325777,0.00034658,0.000356099,0.000401042,0.000446646,0.00045044,0,0,0,0.000427372
S2_F0,jF17,7.85E-05,0.000545479,0.000370848,0.000361576,0.000402351,0.00045713,0.000483373,0.000581163,0.000536714,0.000498526,0.000426487,0.000418665,0.000394982,0.000345621,0.000307155,0,0,0,0.000477089
S2_F0,jF18,7.91E-05,0.00066424,0.000395014,0.000385866,0.000382053,0.000529333,0.000624156,0.001038326,0.000548534,0.000640914,0.000470222,0.000398187,0.00035647,0.000312164,0.000299908,0,0,0,0.000429616
S2_F0,jF19,-4.32E-07,0.000218942,0.000219317,0.00017182,0.000244065,0.000167224,0.000190965,0.00014844,0.000176396,0.000232502,0.000225112,0.000216396,0.000378264,0.000310507,0.000118517,-0.000427372,-0.000477089,-0.000429616,0
S2_F0.2,jF1,0,2.66E-05,5.10E-05,-0.00028022,-0.000217816,-8.82E-05,-0.000127894,-0.000149438,6.10E-06,1.53E-05,1.27E-05,2.11E-05,-3.12E-06,3.16E-05,-0.000193348,-8.96E-05,-7.86E-05,-7.92E-05,5.06E-07
S2_F0.2,jF2,-2.66E-05,0,0.008998666,-3.32E-05,1.02E-06,-3.08E-05,-6.01E-06,-1.10E-05,-3.23E-05,-2.17E-05,-0.000548542,-3.64E-05,-0.000354269,-2.67E-06,-0.000238923,-0.00028348,-0.000546387,-0.000665068,-0.00021958
S2_F0.2,jF3,-5.10E-05,-0.008998666,0,-0.002719388,-0.002189949,-0.001453487,-0.001370122,-0.000387982,-0.00057282,-0.000373896,-0.000701676,-0.000172838,-0.000244952,-6.38E-05,-0.000111854,-0.000289849,-0.000372887,-0.000397627,-0.000220519
S2_F0.2,jF4,0.00028022,3.32E-05,0.002719388,0,8.41E-05,-0.000902687,-0.000839783,-0.00051598,-0.000388034,-0.000372258,-0.000526269,-0.000110688,-0.000217597,-1.89E-06,-7.54E-05,-0.000291375,-0.000362646,-0.000387272,-0.000172055
S2_F0.2,jF5,0.000217816,-1.02E-06,0.002189949,-8.41E-05,0,-0.000732159,-0.000803101,-0.000915324,-0.000475541,-0.000382891,-0.000335582,-7.62E-05,-0.000298592,-0.000127682,-0.000145374,-0.000326349,-0.000403619,-0.000383354,-0.000244599
S2_F0.2,jF6,8.82E-05,3.08E-05,0.001453487,0.000902687,0.000732159,0,0.000237985,-5.23E-05,-0.000269732,-0.000140335,-0.000213391,-0.000304632,-0.000136134,-7.02E-05,-7.88E-05,-0.000288832,-0.000458056,-0.000530378,-0.000167473
S2_F0.2,jF7,0.000127894,6.01E-06,0.001370122,0.000839783,0.000803101,-0.000237985,0,-8.20E-06,-2.70E-05,-6.73E-06,-0.000147242,-3.86E-05,-0.000133803,-0.000346617,-0.00025982,-0.000300405,-0.000484058,-0.000624862,-0.000191384
S2_F0.2,jF8,0.000149438,1.10E-05,0.000387982,0.00051598,0.000915324,5.23E-05,8.20E-06,0,-4.45E-06,1.11E-05,3.66E-06,-1.39E-05,2.98E-05,-0.00011492,-0.000133505,-0.000254949,-0.000581756,-0.001038407,-0.000149264
S2_F0.2,jF9,-6.10E-06,3.23E-05,0.00057282,0.000388034,0.000475541,0.000269732,2.70E-05,4.45E-06,0,0.000701657,0.000120823,-9.98E-06,-1.55E-05,-7.06E-05,-0.000109182,-0.000292069,-0.000537173,-0.000548796,-0.000176884
S2_F0.2,jF10,-1.53E-05,2.17E-05,0.000373896,0.000372258,0.000382891,0.000140335,6.73E-06,-1.11E-05,-0.000701657,0,4.34E-05,-3.78E-05,-1.82E-05,-6.68E-05,-0.000103549,-0.000326404,-0.000499022,-0.000641157,-0.00023325
S2_F0.2,jF11,-1.27E-05,0.000548542,0.000701676,0.000526269,0.000335582,0.000213391,0.000147242,-3.66E-06,-0.000120823,-4.34E-05,0,-2.63E-05,-0.00013251,-3.57E-05,-0.000193359,-0.000347203,-0.00042721,-0.000470924,-0.000225659
S2_F0.2,jF12,-2.11E-05,3.64E-05,0.000172838,0.000110688,7.62E-05,0.000304632,3.86E-05,1.39E-05,9.98E-06,3.78E-05,2.63E-05,0,7.85E-05,-0.000251504,-0.000174736,-0.000356592,-0.000419018,-0.000398375,-0.000216916
S2_F0.2,jF13,3.12E-06,0.000354269,0.000244952,0.000217597,0.000298592,0.000136134,0.000133803,-2.98E-05,1.55E-05,1.82E-05,0.00013251,-7.85E-05,0,-1.60E-05,-0.000119876,-0.000401803,-0.000395778,-0.000357112,-0.000379277
S2_F0.2,jF14,-3.16E-05,2.67E-06,6.38E-05,1.89E-06,0.000127682,7.02E-05,0.000346617,0.00011492,7.06E-05,6.68E-05,3.57E-05,0.000251504,1.60E-05,0,-0.000113933,-0.000446959,-0.00034616,-0.000312584,-0.000311136
S2_F0.2,jF15,0.000193348,0.000238923,0.000111854,7.54E-05,0.000145374,7.88E-05,0.00025982,0.000133505,0.000109182,0.000103549,0.000193359,0.000174736,0.000119876,0.000113933,0,-0.000450673,-0.000307524,-0.000300137,-0.000119013
S2_F0.2,jF16,8.96E-05,0.00028348,0.000289849,0.000291375,0.000326349,0.000288832,0.000300405,0.000254949,0.000292069,0.000326404,0.000347203,0.000356592,0.000401803,0.000446959,0.000450673,0,0,0,0.000427918
S2_F0.2,jF17,7.86E-05,0.000546387,0.000372887,0.000362646,0.000403619,0.000458056,0.000484058,0.000581756,0.000537173,0.000499022,0.00042721,0.000419018,0.000395778,0.00034616,0.000307524,0,0,0,0.00047757
S2_F0.2,jF18,7.92E-05,0.000665068,0.000397627,0.000387272,0.000383354,0.000530378,0.000624862,0.001038407,0.000548796,0.000641157,0.000470924,0.000398375,0.000357112,0.000312584,0.000300137,0,0,0,0.000429956
S2_F0.2,jF19,-5.06E-07,0.00021958,0.000220519,0.000172055,0.000244599,0.000167473,0.000191384,0.000149264,0.000176884,0.00023325,0.000225659,0.000216916,0.000379277,0.000311136,0.000119013,-0.000427918,-0.00047757,-0.000429956,0
S2_F0.4,jF1,0,2.66E-05,5.15E-05,-0.000280962,-0.000217056,-8.82E-05,-0.000128807,-0.00014912,6.35E-06,1.55E-05,1.29E-05,2.12E-05,-2.73E-06,3.17E-05,-0.000193776,-8.98E-05,-7.87E-05,-7.93E-05,5.83E-07
S2_F0.4,jF2,-2.66E-05,0,0.009199154,-3.32E-05,1.13E-06,-3.08E-05,-5.90E-06,-1.08E-05,-3.22E-05,-2.17E-05,-0.000551317,-3.63E-05,-0.000354736,-2.54E-06,-0.000240111,-0.000283715,-0.000547843,-0.000667028,-0.000219507
S2_F0.4,jF3,-5.15E-05,-0.009199154,0,-0.002749638,-0.002199977,-0.001467431,-0.001387318,-0.000387648,-0.000576567,-0.000376811,-0.000706715,-0.000174475,-0.000245488,-6.47E-05,-0.000112671,-0.000291059,-0.000374931,-0.000400257,-0.000221713
S2_F0.4,jF4,0.000280962,3.32E-05,0.002749638,0,8.82E-05,-0.000908845,-0.000848567,-0.000517318,-0.000389484,-0.000374448,-0.000527891,-0.000111162,-0.000217331,-2.17E-06,-7.56E-05,-0.00029193,-0.000363722,-0.000388694,-0.000172284
S2_F0.4,jF5,0.000217056,-1.13E-06,0.002199977,-8.82E-05,0,-0.000737259,-0.000811016,-0.000918289,-0.000477497,-0.000385251,-0.000336661,-7.65E-05,-0.000298724,-0.000128686,-0.000146081,-0.000327105,-0.000404894,-0.000384668,-0.000245129
S2_F0.4,jF6,8.82E-05,3.08E-05,0.001467431,0.000908845,0.000737259,0,0.000239062,-5.21E-05,-0.000270365,-0.000140929,-0.000213581,-0.000305396,-0.000135623,-7.03E-05,-7.88E-05,-0.000289301,-0.000458988,-0.000531426,-0.000167724
S2_F0.4,jF7,0.000128807,5.90E-06,0.001387318,0.000848567,0.000811016,-0.000239062,0,-8.15E-06,-2.71E-05,-6.75E-06,-0.000147512,-3.87E-05,-0.000133725,-0.000346373,-0.000260511,-0.00030087,-0.000484746,-0.000625565,-0.000191797
S2_F0.4,jF8,0.00014912,1.08E-05,0.000387648,0.000517318,0.000918289,5.21E-05,8.15E-06,0,-4.57E-06,1.11E-05,3.58E-06,-1.41E-05,2.98E-05,-0.000114844,-0.000133842,-0.000255699,-0.000582352,-0.001038468,-0.000150104
S2_F0.4,jF9,-6.35E-06,3.22E-05,0.000576567,0.000389484,0.000477497,0.000270365,2.71E-05,4.57E-06,0,0.000701541,0.000121116,-9.99E-06,-1.51E-05,-7.04E-05,-0.000109308,-0.000292607,-0.00053763,-0.000549049,-0.000177381
S2_F0.4,jF10,-1.55E-05,2.17E-05,0.000376811,0.000374448,0.000385251,0.000140929,6.75E-06,-1.11E-05,-0.000701541,0,4.42E-05,-3.80E-05,-1.79E-05,-6.67E-05,-0.000103693,-0.00032704,-0.00049952,-0.000641391,-0.000234013
S2_F0.4,jF11,-1.29E-05,0.000551317,0.000706715,0.000527891,0.000336661,0.000213581,0.000147512,-3.58E-06,-0.000121116,-4.42E-05,0,-2.64E-05,-0.00013191,-3.58E-05,-0.000193843,-0.000347832,-0.000427936,-0.000471623,-0.000226213
S2_F0.4,jF12,-2.12E-05,3.63E-05,0.000174475,0.000111162,7.65E-05,0.000305396,3.87E-05,1.41E-05,9.99E-06,3.80E-05,2.64E-05,0,7.88E-05,-0.000250441,-0.000174691,-0.000357094,-0.000419376,-0.000398563,-0.000217448
S2_F0.4,jF13,2.73E-06,0.000354736,0.000245488,0.000217331,0.000298724,0.000135623,0.000133725,-2.98E-05,1.51E-05,1.79E-05,0.00013191,-7.88E-05,0,-1.61E-05,-0.000120059,-0.000402572,-0.000396582,-0.000357757,-0.000380302
S2_F0.4,jF14,-3.17E-05,2.54E-06,6.47E-05,2.17E-06,0.000128686,7.03E-05,0.000346373,0.000114844,7.04E-05,6.67E-05,3.58E-05,0.000250441,1.61E-05,0,-0.000113983,-0.000447277,-0.000346707,-0.000313008,-0.000311777
S2_F0.4,jF15,0.000193776,0.000240111,0.000112671,7.56E-05,0.000146081,7.88E-05,0.000260511,0.000133842,0.000109308,0.000103693,0.000193843,0.000174691,0.000120059,0.000113983,0,-0.000450912,-0.000307899,-0.000300367,-0.00011952
S2_F0.4,jF16,8.98E-05,0.000283715,0.000291059,0.00029193,0.000327105,0.000289301,0.00030087,0.000255699,0.000292607,0.00032704,0.000347832,0.000357094,0.000402572,0.000447277,0.000450912,0,0,0,0.000428473
S2_F0.4,jF17,7.87E-05,0.000547843,0.000374931,0.000363722,0.000404894,0.000458988,0.000484746,0.000582352,0.00053763,0.00049952,0.000427936,0.000419376,0.000396582,0.000346707,0.000307899,0,0,0,0.000478056
S2_F0.4,jF18,7.93E-05,0.000667028,0.000400257,0.000388694,0.000384668,0.000531426,0.000625565,0.001038468,0.000549049,0.000641391,0.000471623,0.000398563,0.000357757,0.000313008,0.000300367,0,0,0,0.000430297
S2_F0.4,jF19,-5.83E-07,0.000219507,0.000221713,0.000172284,0.000245129,0.000167724,0.000191797,0.000150104,0.000177381,0.000234013,0.000226213,0.000217448,0.000380302,0.000311777,0.00011952,-0.000428473,-0.000478056,-0.000430297,0
S2_F0.6,jF1,0,2.66E-05,5.20E-05,-0.000281691,-0.000216264,-8.82E-05,-0.000129866,-0.000148788,6.60E-06,1.57E-05,1.31E-05,2.13E-05,-2.33E-06,3.17E-05,-0.000194194,-8.99E-05,-7.87E-05,-7.94E-05,6.60E-07
S2_F0.6,jF2,-2.66E-05,0,0.00940617,-3.32E-05,1.26E-06,-3.08E-05,-5.79E-06,-1.07E-05,-3.21E-05,-2.16E-05,-0.000554457,-3.61E-05,-0.000355102,-2.38E-06,-0.000241065,-0.000283857,-0.000549421,-0.000669217,-0.000219341
S2_F0.6,jF3,-5.20E-05,-0.00940617,0,-0.002780056,-0.002209994,-0.001481369,-0.001406031,-0.000387265,-0.000580302,-0.000379725,-0.000711771,-0.000176112,-0.000246014,-6.56E-05,-0.00011348,-0.000292262,-0.000376972,-0.000402889,-0.000222896
S2_F0.6,jF4,0.000281691,3.32E-05,0.002780056,0,9.23E-05,-0.000915001,-0.000858561,-0.000518653,-0.000390924,-0.000376654,-0.000529496,-0.000111632,-0.00021705,-2.43E-06,-7.57E-05,-0.00029248,-0.000364802,-0.000390124,-0.000172502
S2_F0.6,jF5,0.000216264,-1.26E-06,0.002209994,-9.23E-05,0,-0.000742339,-0.000819846,-0.000921247,-0.000479441,-0.000387618,-0.000337732,-7.68E-05,-0.000298852,-0.000129678,-0.00014679,-0.000327859,-0.000406171,-0.000385987,-0.000245655
S2_F0.6,jF6,8.82E-05,3.08E-05,0.001481369,0.000915001,0.000742339,0,0.000239951,-5.20E-05,-0.000270996,-0.000141536,-0.000213772,-0.000306159,-0.000135114,-7.03E-05,-7.89E-05,-0.000289773,-0.000459929,-0.000532487,-0.000167985
S2_F0.6,jF7,0.000129866,5.79E-06,0.001406031,0.000858561,0.000819846,-0.000239951,0,-8.10E-06,-2.72E-05,-6.76E-06,-0.000147736,-3.88E-05,-0.000133587,-0.0003461,-0.000261186,-0.000301318,-0.00048541,-0.000626242,-0.000192163
S2_F0.6,jF8,0.000148788,1.07E-05,0.000387265,0.000518653,0.000921247,5.20E-05,8.10E-06,0,-4.69E-06,1.11E-05,3.50E-06,-1.42E-05,2.98E-05,-0.000114761,-0.000134184,-0.000256453,-0.000582951,-0.001038531,-0.000150953
S2_F0.6,jF9,-6.60E-06,3.21E-05,0.000580302,0.000390924,0.000479441,0.000270996,2.72E-05,4.69E-06,0,0.000701383,0.000121406,-1.00E-05,-1.47E-05,-7.03E-05,-0.000109437,-0.000293146,-0.000538089,-0.000549304,-0.000177882
S2_F0.6,jF10,-1.57E-05,2.16E-05,0.000379725,0.000376654,0.000387618,0.000141536,6.76E-06,-1.11E-05,-0.000701383,0,4.50E-05,-3.81E-05,-1.77E-05,-6.66E-05,-0.000103839,-0.000327679,-0.000500022,-0.000641629,-0.000234782
S2_F0.6,jF11,-1.31E-05,0.000554457,0.000711771,0.000529496,0.000337732,0.000213772,0.000147736,-3.50E-06,-0.000121406,-4.50E-05,0,-2.64E-05,-0.000131306,-3.58E-05,-0.000194332,-0.000348463,-0.000428666,-0.000472327,-0.000226774
S2_F0.6,jF12,-2.13E-05,3.61E-05,0.000176112,0.000111632,7.68E-05,0.000306159,3.88E-05,1.42E-05,1.00E-05,3.81E-05,2.64E-05,0,7.90E-05,-0.000249362,-0.000174649,-0.000357598,-0.000419738,-0.000398757,-0.000217986
S2_F0.6,jF13,2.33E-06,0.000355102,0.000246014,0.00021705,0.000298852,0.000135114,0.000133587,-2.98E-05,1.47E-05,1.77E-05,0.000131306,-7.90E-05,0,-1.62E-05,-0.000120244,-0.000403341,-0.000397392,-0.000358408,-0.00038133
S2_F0.6,jF14,-3.17E-05,2.38E-06,6.56E-05,2.43E-06,0.000129678,7.03E-05,0.0003461,0.000114761,7.03E-05,6.66E-05,3.58E-05,0.000249362,1.62E-05,0,-0.000114039,-0.0004476,-0.000347266,-0.000313443,-0.000312431
S2_F0.6,jF15,0.000194194,0.000241065,0.00011348,7.57E-05,0.00014679,7.89E-05,0.000261186,0.000134184,0.000109437,0.000103839,0.000194332,0.000174649,0.000120244,0.000114039,0,-0.00045115,-0.000308283,-0.000300607,-0.000120034
S2_F0.6,jF16,8.99E-05,0.000283857,0.000292262,0.00029248,0.000327859,0.000289773,0.000301318,0.000256453,0.000293146,0.000327679,0.000348463,0.000357598,0.000403341,0.0004476,0.00045115,0,0,0,0.000429028
S2_F0.6,jF17,7.87E-05,0.000549421,0.000376972,0.000364802,0.000406171,0.000459929,0.00048541,0.000582951,0.000538089,0.000500022,0.000428666,0.000419738,0.000397392,0.000347266,0.000308283,0,0,0,0.000478549
S2_F0.6,jF18,7.94E-05,0.000669217,0.000402889,0.000390124,0.000385987,0.000532487,0.000626242,0.001038531,0.000549304,0.000641629,0.000472327,0.000398757,0.000358408,0.000313443,0.000300607,0,0,0,0.000430645
S2_F0.6,jF19,-6.60E-07,0.000219341,0.000222896,0.000172502,0.000245655,0.000167985,0.000192163,0.000150953,0.000177882,0.000234782,0.000226774,0.000217986,0.00038133,0.000312431,0.000120034,-0.000429028,-0.000478549,-0.000430645,0
S2_F0.8,jF1,0,2.67E-05,5.24E-05,-0.000282408,-0.000215443,-8.82E-05,-0.00013108,-0.000148442,6.85E-06,1.59E-05,1.33E-05,2.14E-05,-1.93E-06,3.18E-05,-0.000194604,-9.00E-05,-7.88E-05,-7.94E-05,7.40E-07
S2_F0.8,jF2,-2.67E-05,0,0.009619598,-3.33E-05,1.32E-06,-3.08E-05,-5.76E-06,-1.06E-05,-3.21E-05,-2.15E-05,-0.000556124,-3.61E-05,-0.000356408,-2.29E-06,-0.000241958,-0.000284349,-0.000550546,-0.000670503,-0.000219635
S2_F0.8,jF3,-5.24E-05,-0.009619598,0,-0.002810711,-0.00222007,-0.001495326,-0.001426656,-0.000386841,-0.000584037,-0.000382646,-0.000716864,-0.000177758,-0.000246536,-6.65E-05,-0.000114275,-0.000293458,-0.000379007,-0.000405516,-0.00022407
S2_F0.8,jF4,0.000282408,3.33E-05,0.002810711,0,9.65E-05,-0.000921165,-0.00086997,-0.000519986,-0.000392356,-0.000378878,-0.000531096,-0.000112101,-0.000216756,-2.67E-06,-7.59E-05,-0.000293025,-0.000365883,-0.000391561,-0.00017271
S2_F0.8,jF5,0.000215443,-1.32E-06,0.00222007,-9.65E-05,0,-0.000747403,-0.000829776,-0.000924202,-0.000481375,-0.000389992,-0.0003388,-7.71E-05,-0.000298981,-0.000130651,-0.000147499,-0.000328611,-0.00040745,-0.000387307,-0.000246178
S2_F0.8,jF6,8.82E-05,3.08E-05,0.001495326,0.000921165,0.000747403,0,0.000240601,-5.18E-05,-0.000271625,-0.000142157,-0.000213966,-0.000306919,-0.000134608,-7.04E-05,-7.89E-05,-0.000290246,-0.000460881,-0.000533565,-0.000168257
S2_F0.8,jF7,0.00013108,5.76E-06,0.001426656,0.00086997,0.000829776,-0.000240601,0,-8.02E-06,-2.73E-05,-6.75E-06,-0.000147905,-3.89E-05,-0.000133377,-0.000345805,-0.000261844,-0.000301746,-0.000486048,-0.000626894,-0.000192477
S2_F0.8,jF8,0.000148442,1.06E-05,0.000386841,0.000519986,0.000924202,5.18E-05,8.02E-06,0,-4.81E-06,1.10E-05,3.42E-06,-1.44E-05,2.98E-05,-0.00011467,-0.000134532,-0.00025721,-0.000583555,-0.001038604,-0.000151808
S2_F0.8,jF9,-6.85E-06,3.21E-05,0.000584037,0.000392356,0.000481375,0.000271625,2.73E-05,4.81E-06,0,0.000701178,0.000121692,-1.00E-05,-1.43E-05,-7.01E-05,-0.000109568,-0.000293684,-0.000538549,-0.000549566,-0.000178384
S2_F0.8,jF10,-1.59E-05,2.15E-05,0.000382646,0.000378878,0.000389992,0.000142157,6.75E-06,-1.10E-05,-0.000701178,0,4.58E-05,-3.83E-05,-1.74E-05,-6.65E-05,-0.000103988,-0.000328316,-0.000500528,-0.000641878,-0.000235553
S2_F0.8,jF11,-1.33E-05,0.000556124,0.000716864,0.000531096,0.0003388,0.000213966,0.000147905,-3.42E-06,-0.000121692,-4.58E-05,0,-2.65E-05,-0.000130701,-3.59E-05,-0.000194828,-0.000349092,-0.000429399,-0.000473037,-0.000227337
S2_F0.8,jF12,-2.14E-05,3.61E-05,0.000177758,0.000112101,7.71E-05,0.000306919,3.89E-05,1.44E-05,1.00E-05,3.83E-05,2.65E-05,0,7.92E-05,-0.000248266,-0.000174613,-0.000358102,-0.000420107,-0.00039896,-0.000218527
S2_F0.8,jF13,1.93E-06,0.000356408,0.000246536,0.000216756,0.000298981,0.000134608,0.000133377,-2.98E-05,1.43E-05,1.74E-05,0.000130701,-7.92E-05,0,-1.63E-05,-0.00012043,-0.000404108,-0.000398208,-0.000359068,-0.000382361
S2_F0.8,jF14,-3.18E-05,2.29E-06,6.65E-05,2.67E-06,0.000130651,7.04E-05,0.000345805,0.00011467,7.01E-05,6.65E-05,3.59E-05,0.000248266,1.63E-05,0,-0.000114102,-0.000447926,-0.000347837,-0.000313892,-0.0003131
S2_F0.8,jF15,0.000194604,0.000241958,0.000114275,7.59E-05,0.000147499,7.89E-05,0.000261844,0.000134532,0.000109568,0.000103988,0.000194828,0.000174613,0.00012043,0.000114102,0,-0.000451388,-0.000308676,-0.000300859,-0.000120556
S2_F0.8,jF16,9.00E-05,0.000284349,0.000293458,0.000293025,0.000328611,0.000290246,0.000301746,0.00025721,0.000293684,0.000328316,0.000349092,0.000358102,0.000404108,0.000447926,0.000451388,0,0,0,0.000429581
S2_F0.8,jF17,7.88E-05,0.000550546,0.000379007,0.000365883,0.00040745,0.000460881,0.000486048,0.000583555,0.000538549,0.000500528,0.000429399,0.000420107,0.000398208,0.000347837,0.000308676,0,0,0,0.000479049
S2_F0.8,jF18,7.94E-05,0.000670503,0.000405516,0.000391561,0.000387307,0.000533565,0.000626894,0.001038604,0.000549566,0.000641878,0.000473037,0.00039896,0.000359068,0.000313892,0.000300859,0,0,0,0.000431003
S2_F0.8,jF19,-7.40E-07,0.000219635,0.00022407,0.00017271,0.000246178,0.000168257,0.000192477,0.000151808,0.000178384,0.000235553,0.000227337,0.000218527,0.000382361,0.0003131,0.000120556,-0.000429581,-0.000479049,-0.000431003,0
S2_F01.0,jF1,0,2.66E-05,5.30E-05,-0.000283107,-0.000214586,-8.82E-05,-0.000132333,-0.000148083,7.10E-06,1.62E-05,1.34E-05,2.14E-05,-1.52E-06,3.19E-05,-0.000195001,-9.01E-05,-7.88E-05,-7.95E-05,8.20E-07
S2_F01.0,jF2,-2.66E-05,0,0.009839827,-3.33E-05,1.49E-06,-3.07E-05,-5.62E-06,-1.04E-05,-3.20E-05,-2.14E-05,-0.000559641,-3.59E-05,-0.000356395,-2.08E-06,-0.000243223,-0.00028441,-0.000552221,-0.00067291,-0.000219269
S2_F01.0,jF3,-5.30E-05,-0.009839827,0,-0.002841408,-0.002230045,-0.001509258,-0.001447844,-0.000386357,-0.00058775,-0.000385552,-0.000721962,-0.000179402,-0.000247037,-6.74E-05,-0.000115068,-0.000294649,-0.000381042,-0.000408152,-0.000225233
S2_F01.0,jF4,0.000283107,3.33E-05,0.002841408,0,0.000100789,-0.000927341,-0.000881833,-0.000521314,-0.000393779,-0.000381117,-0.000532679,-0.000112568,-0.000216442,-2.90E-06,-7.61E-05,-0.000293567,-0.000366968,-0.000393009,-0.000172909
S2_F01.0,jF5,0.000214586,-1.49E-06,0.002230045,-0.000100789,0,-0.000752457,-0.000840032,-0.00092715,-0.000483295,-0.000392369,-0.000339862,-7.74E-05,-0.000299099,-0.000131622,-0.000148212,-0.000329363,-0.000408733,-0.000388636,-0.000246697
S2_F01.0,jF6,8.82E-05,3.07E-05,0.001509258,0.000927341,0.000752457,0,0.000241205,-5.17E-05,-0.000272252,-0.000142788,-0.000214158,-0.000307676,-0.000134095,-7.04E-05,-7.90E-05,-0.000290723,-0.000461839,-0.00053465,-0.000168532
S2_F01.0,jF7,0.000132333,5.62E-06,0.001447844,0.000881833,0.000840032,-0.000241205,0,-7.94E-06,-2.73E-05,-6.73E-06,-0.000148061,-3.90E-05,-0.000133141,-0.000345501,-0.000262507,-0.000302175,-0.000486684,-0.000627542,-0.000192781
S2_F01.0,jF8,0.000148083,1.04E-05,0.000386357,0.000521314,0.00092715,5.17E-05,7.94E-06,0,-4.94E-06,1.10E-05,3.34E-06,-1.46E-05,2.98E-05,-0.000114574,-0.000134886,-0.000257976,-0.00058416,-0.001038665,-0.000152676
S2_F01.0,jF9,-7.10E-06,3.20E-05,0.00058775,0.000393779,0.000483295,0.000272252,2.73E-05,4.94E-06,0,0.00070094,0.000121977,-1.00E-05,-1.39E-05,-6.99E-05,-0.000109701,-0.000294226,-0.000539008,-0.000549824,-0.000178891
S2_F01.0,jF10,-1.62E-05,2.14E-05,0.000385552,0.000381117,0.000392369,0.000142788,6.73E-06,-1.10E-05,-0.00070094,0,4.67E-05,-3.84E-05,-1.72E-05,-6.64E-05,-0.000104138,-0.00032896,-0.000501036,-0.000642123,-0.000236333
S2_F01.0,jF11,-1.34E-05,0.000559641,0.000721962,0.000532679,0.000339862,0.000214158,0.000148061,-3.34E-06,-0.000121977,-4.67E-05,0,-2.66E-05,-0.000130087,-3.59E-05,-0.000195327,-0.000349724,-0.000430134,-0.000473747,-0.000227906
S2_F01.0,jF12,-2.14E-05,3.59E-05,0.000179402,0.000112568,7.74E-05,0.000307676,3.90E-05,1.46E-05,1.00E-05,3.84E-05,2.66E-05,0,7.95E-05,-0.000247153,-0.000174578,-0.000358612,-0.00042048,-0.000399165,-0.000219077
S2_F01.0,jF13,1.52E-06,0.000356395,0.000247037,0.000216442,0.000299099,0.000134095,0.000133141,-2.98E-05,1.39E-05,1.72E-05,0.000130087,-7.95E-05,0,-1.64E-05,-0.000120618,-0.000404879,-0.000399032,-0.000359733,-0.0003834
S2_F01.0,jF14,-3.19E-05,2.08E-06,6.74E-05,2.90E-06,0.000131622,7.04E-05,0.000345501,0.000114574,6.99E-05,6.64E-05,3.59E-05,0.000247153,1.64E-05,0,-0.000114169,-0.000448258,-0.000348419,-0.00031435,-0.000313782
S2_F01.0,jF15,0.000195001,0.000243223,0.000115068,7.61E-05,0.000148212,7.90E-05,0.000262507,0.000134886,0.000109701,0.000104138,0.000195327,0.000174578,0.000120618,0.000114169,0,-0.000451628,-0.000309077,-0.000301115,-0.000121086
S2_F01.0,jF16,9.01E-05,0.00028441,0.000294649,0.000293567,0.000329363,0.000290723,0.000302175,0.000257976,0.000294226,0.00032896,0.000349724,0.000358612,0.000404879,0.000448258,0.000451628,0,0,0,0.000430139
S2_F01.0,jF17,7.88E-05,0.000552221,0.000381042,0.000366968,0.000408733,0.000461839,0.000486684,0.00058416,0.000539008,0.000501036,0.000430134,0.00042048,0.000399032,0.000348419,0.000309077,0,0,0,0.000479555
S2_F01.0,jF18,7.95E-05,0.00067291,0.000408152,0.000393009,0.000388636,0.00053465,0.000627542,0.001038665,0.000549824,0.000642123,0.000473747,0.000399165,0.000359733,0.00031435,0.000301115,0,0,0,0.000431365
S2_F01.0,jF19,-8.20E-07,0.000219269,0.000225233,0.000172909,0.000246697,0.000168532,0.000192781,0.000152676,0.000178891,0.000236333,0.000227906,0.000219077,0.0003834,0.000313782,0.000121086,-0.000430139,-0.000479555,-0.000431365,0
basic,jF1,0,1.94E-05,4.25E-05,-0.000214837,-0.000141186,-6.69E-05,-8.10E-05,-9.91E-05,5.69E-06,1.19E-05,8.77E-06,1.72E-05,-2.37E-06,1.68E-05,-0.000164844,-6.91E-05,-6.10E-05,-6.20E-05,3.06E-06
basic,jF2,-1.94E-05,0,0.006258136,-1.72E-05,1.97E-06,-1.57E-05,-1.70E-06,-5.91E-06,-1.74E-05,-1.33E-05,-0.000462152,-1.62E-05,-0.000288953,-1.55E-05,-0.00019146,-0.000204967,-0.000461022,-0.000568702,-0.0001568
basic,jF3,-4.25E-05,-0.006258136,0,-0.001813162,-0.001271427,-0.000970015,-0.000797423,-0.000226967,-0.00038898,-0.000253157,-0.000507219,-0.000134719,-0.000174018,-0.000103509,-8.54E-05,-0.00022063,-0.000292715,-0.000314102,-0.000167123
basic,jF4,0.000214837,1.72E-05,0.001813162,0,0.00010469,-0.000629827,-0.000509197,-0.000322721,-0.000272525,-0.00026451,-0.000395808,-9.38E-05,-0.000164549,-5.60E-05,-6.16E-05,-0.000218884,-0.000280462,-0.000301355,-0.000136929
basic,jF5,0.000141186,-1.97E-06,0.001271427,-0.00010469,0,-0.00049859,-0.000472388,-0.000554992,-0.000321715,-0.000260881,-0.000243645,-5.58E-05,-0.000209978,-0.000165654,-0.000108901,-0.000251184,-0.000311119,-0.000292546,-0.000183789
basic,jF6,6.69E-05,1.57E-05,0.000970015,0.000629827,0.00049859,0,0.000144702,-3.27E-05,-0.000181686,-9.67E-05,-0.000153762,-0.00021907,-9.51E-05,-0.000116386,-6.28E-05,-0.00022195,-0.000351008,-0.000401502,-0.000135949
basic,jF7,8.10E-05,1.70E-06,0.000797423,0.000509197,0.000472388,-0.000144702,0,-6.58E-06,-1.88E-05,-5.85E-06,-9.63E-05,-2.55E-05,-8.09E-05,-0.000339756,-0.000173971,-0.000240065,-0.000357118,-0.000446872,-0.000155047
basic,jF8,9.91E-05,5.91E-06,0.000226967,0.000322721,0.000554992,3.27E-05,6.58E-06,0,-1.71E-06,7.33E-06,2.73E-06,-5.48E-06,2.32E-05,-0.000134399,-9.61E-05,-0.000202809,-0.000448583,-0.000783689,-0.000120679
basic,jF9,-5.69E-06,1.74E-05,0.00038898,0.000272525,0.000321715,0.000181686,1.88E-05,1.71E-06,0,0.000458072,8.03E-05,-3.94E-06,-1.08E-05,-0.000102932,-8.31E-05,-0.000228454,-0.000419066,-0.000419618,-0.000144231
basic,jF10,-1.19E-05,1.33E-05,0.000253157,0.00026451,0.000260881,9.67E-05,5.85E-06,-7.33E-06,-0.000458072,0,3.65E-05,-1.93E-05,-8.61E-06,-8.98E-05,-7.67E-05,-0.000252905,-0.00038673,-0.000490625,-0.000179235
basic,jF11,-8.77E-06,0.000462152,0.000507219,0.000395808,0.000243645,0.000153762,9.63E-05,-2.73E-06,-8.03E-05,-3.65E-05,0,-1.22E-05,-9.60E-05,-6.82E-05,-0.000149641,-0.000271169,-0.000334298,-0.000367187,-0.000176956
basic,jF12,-1.72E-05,1.62E-05,0.000134719,9.38E-05,5.58E-05,0.00021907,2.55E-05,5.48E-06,3.94E-06,1.93E-05,1.22E-05,0,4.94E-05,-0.000278011,-0.000126042,-0.000279863,-0.000306728,-0.000285266,-0.000184338
basic,jF13,2.37E-06,0.000288953,0.000174018,0.000164549,0.000209978,9.51E-05,8.09E-05,-2.32E-05,1.08E-05,8.61E-06,9.60E-05,-4.94E-05,0,-3.65E-05,-9.42E-05,-0.000315412,-0.00030028,-0.000266051,-0.000306032
basic,jF14,-1.68E-05,1.55E-05,0.000103509,5.60E-05,0.000165654,0.000116386,0.000339756,0.000134399,0.000102932,8.98E-05,6.82E-05,0.000278011,3.65E-05,0,-7.24E-05,-0.000341241,-0.000248894,-0.000220671,-0.000208455
basic,jF15,0.000164844,0.00019146,8.54E-05,6.16E-05,0.000108901,6.28E-05,0.000173971,9.61E-05,8.31E-05,7.67E-05,0.000149641,0.000126042,9.42E-05,7.24E-05,0,-0.000365096,-0.000237599,-0.000228316,-9.04E-05
basic,jF16,6.91E-05,0.000204967,0.00022063,0.000218884,0.000251184,0.00022195,0.000240065,0.000202809,0.000228454,0.000252905,0.000271169,0.000279863,0.000315412,0.000341241,0.000365096,0,0,0,0.000331835
basic,jF17,6.10E-05,0.000461022,0.000292715,0.000280462,0.000311119,0.000351008,0.000357118,0.000448583,0.000419066,0.00038673,0.000334298,0.000306728,0.00030028,0.000248894,0.000237599,0,0,0,0.000362487
basic,jF18,6.20E-05,0.000568702,0.000314102,0.000301355,0.000292546,0.000401502,0.000446872,0.000783689,0.000419618,0.000490625,0.000367187,0.000285266,0.000266051,0.000220671,0.000228316,0,0,0,0.000320552
basic,jF19,-3.06E-06,0.0001568,0.000167123,0.000136929,0.000183789,0.000135949,0.000155047,0.000120679,0.000144231,0.000179235,0.000176956,0.000184338,0.000306032,0.000208455,9.04E-05,-0.000331835,-0.000362487,-0.000320552,0
